direction,kind,level,sweep_time,confirmation_time,entry,stop,risk_pct,tp1,tp2,ema9,ema20,sweep_extreme,sweep_index,confirmation_index,symbol
LONG,equal lows,179.37,2026-10-03 18:30 UTC,2026-10-03 18:30 UTC,179.7,178.98084,0.40020033388980975,180.77873999999997,181.85747999999995,179.41948459571108,179.68156205008654,179.16,303,303,AAVE/USD:USD
LONG,equal lows,179.6,2026-10-03 19:30 UTC,2026-10-03 19:30 UTC,179.76,179.35047,0.2278204272363093,180.37429499999996,180.98858999999996,179.44042889040327,179.5971735435818,179.53,307,307,AAVE/USD:USD
LONG,equal lows,179.6,2026-10-03 19:45 UTC,2026-10-03 19:45 UTC,179.98,179.39042999999998,0.3275752861429098,180.864355,181.74871000000002,179.5483431123226,179.6336332060978,179.57,308,308,AAVE/USD:USD
LONG,equal lows,180.09,2026-10-03 20:15 UTC,2026-10-03 20:15 UTC,180.53,179.88993,0.35455049022323637,181.49010500000003,182.45021000000003,179.8185395918865,179.751432170978,180.07,310,310,AAVE/USD:USD
LONG,swing low,182.09,2026-10-04 02:30 UTC,2026-10-04 02:30 UTC,182.35,181.023795,0.7272854400877364,184.33930749999996,186.32861499999996,182.09112609372565,181.7143382082223,181.205,335,335,AAVE/USD:USD
LONG,swing low,182.09,2026-10-04 03:00 UTC,2026-10-04 03:00 UTC,182.51,181.54827,0.5269464686866411,183.95259499999997,185.39518999999996,182.12512069998445,181.79577345389626,181.73,337,337,AAVE/USD:USD
LONG,swing low,182.09,2026-10-04 03:45 UTC,2026-10-04 03:45 UTC,182.34,181.69812,0.3520236920039567,183.30282000000003,184.26564000000005,182.06230179839207,181.8397635374446,181.88,340,340,AAVE/USD:USD
LONG,swing low,182.09,2026-10-04 04:15 UTC,2026-10-04 04:15 UTC,182.14,181.7181,0.23163500603930698,182.77284999999998,183.40569999999997,182.07267315097093,181.88474974380387,181.9,342,342,AAVE/USD:USD
LONG,swing low,182.09,2026-10-04 05:15 UTC,2026-10-04 05:15 UTC,182.47,181.818,0.35731901134432337,183.44799999999998,184.42599999999996,182.1349029226377,181.97572786730973,182.0,346,346,AAVE/USD:USD
LONG,equal lows,181.81,2026-10-04 06:15 UTC,2026-10-04 06:15 UTC,182.29,181.51829999999998,0.42333644193318876,183.44755,184.60510000000002,182.05360823711243,181.98296394709854,181.7,350,350,AAVE/USD:USD
LONG,swing low,182.09,2026-10-04 08:15 UTC,2026-10-04 08:15 UTC,182.35,181.69812,0.35748834658623835,183.32782,184.30564,182.31827041133414,182.20822065068458,181.88,358,358,AAVE/USD:USD
LONG,swing low,179.87,2026-10-04 16:45 UTC,2026-10-04 16:45 UTC,179.93,179.56026,0.20549102428722685,180.48461000000003,181.03922000000003,179.590407437175,179.8337704419617,179.74,392,392,AAVE/USD:USD
LONG,swing low,179.87,2026-10-04 17:15 UTC,2026-10-04 17:15 UTC,179.9,179.37045,0.29435797665369673,180.694325,181.48865,179.69066075979202,179.83975312822716,179.55,394,394,AAVE/USD:USD
LONG,equal lows,180.33,2026-10-04 17:30 UTC,2026-10-04 17:30 UTC,180.43,179.68014000000002,0.41559607604056087,181.55478999999997,182.67957999999996,179.83852860783364,179.89596711601504,179.86,395,395,AAVE/USD:USD
LONG,equal lows,180.33,2026-10-04 18:15 UTC,2026-10-04 18:15 UTC,180.37,179.83998,0.2938515274158715,181.16503,181.96006000000003,180.06057464721084,179.9967541786791,180.02,398,398,AAVE/USD:USD
LONG,swing low,179.87,2026-10-04 18:45 UTC,2026-10-04 18:45 UTC,180.27,179.58024,0.3826260609086408,181.30464,182.33928000000003,180.13276777421495,180.04459922563075,179.76,400,400,AAVE/USD:USD
LONG,swing low,179.87,2026-10-04 19:15 UTC,2026-10-04 19:15 UTC,180.29,179.6202,0.37151256309278435,181.29469999999998,182.29939999999993,180.11737137549758,180.05034086270453,179.8,402,402,AAVE/USD:USD
LONG,equal lows,180.33,2026-10-04 19:45 UTC,2026-10-04 19:45 UTC,180.38,179.78004,0.3326089366892015,181.27993999999995,182.17987999999994,180.10951768031848,180.0549955814883,179.96,404,404,AAVE/USD:USD
LONG,equal lows,178.54,2026-10-04 22:00 UTC,2026-10-04 22:00 UTC,179.48,178.14167999999998,0.7456652551816416,181.48748,183.49496000000002,179.00612980878824,179.41185596475933,178.32,413,413,AAVE/USD:USD
LONG,equal lows,179.51,2026-10-04 22:30 UTC,2026-10-04 22:30 UTC,179.68,178.76106,0.5114314336598511,181.05841000000004,182.43682000000007,179.22152307762448,179.4458503475694,178.94,415,415,AAVE/USD:USD
LONG,swing low,179.87,2026-10-04 22:45 UTC,2026-10-04 22:45 UTC,180.01,179.56026,0.24984167546246955,180.68460999999996,181.35921999999997,179.3792184620996,179.49957888589614,179.74,416,416,AAVE/USD:USD
LONG,swing low,179.87,2026-10-04 23:00 UTC,2026-10-04 23:00 UTC,180.01,179.58024,0.23874229209487666,180.65463999999997,181.29927999999995,179.5053747696797,179.5481904205727,179.76,417,417,AAVE/USD:USD
LONG,equal lows,179.51,2026-10-04 23:30 UTC,2026-10-04 23:30 UTC,179.67,179.27055,0.22232426114543424,180.269175,180.86835,179.61583985259503,179.59786109257766,179.45,419,419,AAVE/USD:USD
LONG,equal lows,179.51,2026-10-05 00:30 UTC,2026-10-05 00:30 UTC,179.97,178.43139000000002,0.8549258209701489,182.27791499999995,184.58582999999993,179.43095200362296,179.49483433058145,178.61,423,423,AAVE/USD:USD
LONG,equal lows,180.8,2026-10-05 00:45 UTC,2026-10-05 00:45 UTC,180.95,179.56026,0.7680243161094165,183.03461,185.11921999999996,179.73476160289837,179.63342153719273,179.74,424,424,AAVE/USD:USD
LONG,equal lows,181.19,2026-10-05 01:00 UTC,2026-10-05 01:00 UTC,181.27,180.67914000000002,0.32595575660616327,182.15629,183.04258,180.04180928231872,179.7892861526982,180.86,425,425,AAVE/USD:USD
LONG,equal lows,181.19,2026-10-05 01:15 UTC,2026-10-05 01:15 UTC,181.48,180.88893,0.3256942913819716,182.366605,183.25321,180.329447425855,179.9503065191079,181.07,426,426,AAVE/USD:USD
LONG,equal lows,181.19,2026-10-05 01:45 UTC,2026-10-05 01:45 UTC,181.51,180.9189,0.32565698859566033,182.39664999999997,183.28329999999994,180.6920463525472,180.19963866983665,181.1,428,428,AAVE/USD:USD
LONG,equal lows,181.81,2026-10-05 02:00 UTC,2026-10-05 02:00 UTC,182.09,181.136682,0.5235422044044131,183.51997699999998,184.949954,180.97163708203777,180.37967308223315,181.318,429,429,AAVE/USD:USD
LONG,equal lows,181.81,2026-10-05 02:15 UTC,2026-10-05 02:15 UTC,182.38,181.33848,0.5710713894067285,183.94227999999998,185.50455999999997,181.2533096656302,180.57018040773477,181.52,430,430,AAVE/USD:USD
LONG,equal lows,181.19,2026-10-05 02:45 UTC,2026-10-05 02:45 UTC,181.63,180.69912,0.5125144524582954,183.02632,184.42264,181.36331818600334,180.7486510820686,180.88,432,432,AAVE/USD:USD
LONG,equal lows,181.19,2026-10-05 03:00 UTC,2026-10-05 03:00 UTC,181.46,180.819,0.3532458944120024,182.42150000000004,183.38300000000007,181.3826545488027,180.81639859806205,181.0,433,433,AAVE/USD:USD
LONG,equal lows,180.8,2026-10-05 04:00 UTC,2026-10-05 04:00 UTC,181.14,180.18963,0.5246604836038382,182.56555499999996,183.99110999999996,181.01327930318962,180.78455274138884,180.37,437,437,AAVE/USD:USD
LONG,equal lows,179.74,2026-10-05 05:45 UTC,2026-10-05 05:45 UTC,180.82,179.3205,0.8292777347638444,183.06924999999995,185.31849999999994,180.3318741517243,180.43730226185613,179.5,444,444,AAVE/USD:USD
LONG,equal lows,180.89,2026-10-05 06:00 UTC,2026-10-05 06:00 UTC,181.95,180.66915,0.7039571310799597,183.87127499999997,185.79254999999995,180.65549932137944,180.58136871310793,180.85,445,445,AAVE/USD:USD
LONG,equal lows,180.89,2026-10-05 06:45 UTC,2026-10-05 06:45 UTC,181.04,180.24357600000002,0.43991604065398443,182.23463599999997,183.4292719999999,180.7567356525463,180.65288932115402,180.424,448,448,AAVE/USD:USD
LONG,equal lows,179.74,2026-10-05 11:00 UTC,2026-10-05 11:00 UTC,179.91,179.18064,0.4054027013506673,181.00403999999997,182.09807999999995,179.39373463854298,179.63224670995044,179.36,465,465,AAVE/USD:USD
LONG,equal lows,180.13,2026-10-05 11:15 UTC,2026-10-05 11:15 UTC,180.73,179.75007,0.5422066065401405,182.19989499999997,183.66978999999998,179.6609877108344,179.73679464233612,179.93,466,466,AAVE/USD:USD
LONG,swing low,181.76,2026-10-05 16:30 UTC,2026-10-05 16:45 UTC,183.27,181.42839,1.0048616794892795,186.03241500000001,188.79483000000002,182.78131215539327,182.5735395167148,181.61,487,488,AAVE/USD:USD
SHORT,equal highs,252.6,2026-10-04 15:00 UTC,2026-10-04 15:30 UTC,252.5,252.90264999999997,0.15946534653463992,251.89602500000007,251.2920500000001,252.56534318346712,252.56501902402798,252.65,385,387,AMZNX/USD:USD
SHORT,equal highs,252.6,2026-10-04 18:30 UTC,2026-10-04 18:45 UTC,252.55,252.90264999999997,0.13963571569984334,252.02102500000007,251.49205000000015,252.59817289217042,252.5767834440418,252.65,399,400,AMZNX/USD:USD
SHORT,equal highs,252.75,2026-10-04 23:45 UTC,2026-10-05 00:00 UTC,252.45,253.10284999999996,0.2586056644880065,251.47072500000002,250.49145000000007,252.64013639499623,252.63433063042,252.85,420,421,AMZNX/USD:USD
SHORT,equal highs,252.65,2026-10-05 00:30 UTC,2026-10-05 00:45 UTC,252.6,253.00274999999996,0.15944180522564097,251.99587500000004,251.3917500000001,252.6253498342381,252.62665735817416,252.75,423,424,AMZNX/USD:USD
SHORT,equal highs,252.75,2026-10-05 02:45 UTC,2026-10-05 02:45 UTC,252.7,253.10284999999996,0.15941828254846555,252.09572500000002,251.49145000000007,252.81718995644584,252.75318876502584,252.85,432,432,AMZNX/USD:USD
SHORT,equal highs,252.65,2026-10-05 02:45 UTC,2026-10-05 03:00 UTC,252.3,253.10284999999996,0.3182124455013673,251.09572500000007,249.89145000000016,252.7137519651567,252.71002793026148,252.85,432,433,AMZNX/USD:USD
LONG,equal lows,84708.0,2026-10-03 19:45 UTC,2026-10-03 20:00 UTC,84845.5,84589.326,0.30192997860817494,85229.761,85614.022,84831.56977447917,84828.57849464234,84674.0,308,309,BTC/USD:USD
LONG,equal lows,84708.0,2026-10-03 23:45 UTC,2026-10-04 00:00 UTC,84784.0,84585.33,0.23432487261747292,85082.005,85380.01,84735.28285911439,84747.11446609364,84670.0,324,325,BTC/USD:USD
LONG,equal lows,84708.0,2026-10-04 01:15 UTC,2026-10-04 01:45 UTC,84765.0,84591.8235,0.2043018934701839,85024.76475,85284.5295,84744.91107025577,84747.50218266265,84676.5,330,332,BTC/USD:USD
LONG,swing low,86164.0,2026-10-05 06:45 UTC,2026-10-05 06:45 UTC,86215.0,85696.7175,0.6011511917879733,86992.42375,87769.8475,85880.22823044742,85961.98670506143,85782.5,448,448,BTC/USD:USD
LONG,swing low,86164.0,2026-10-05 07:00 UTC,2026-10-05 07:00 UTC,86291.0,86017.3965,0.31707072579990664,86701.40525,87111.81049999999,85962.38258435794,85993.32130457938,86103.5,449,449,BTC/USD:USD
LONG,swing low,86164.0,2026-10-05 07:15 UTC,2026-10-05 07:15 UTC,86254.5,86007.906,0.2858911708954284,86624.391,86994.28199999999,86020.80606748635,86018.19546604801,86094.0,450,450,BTC/USD:USD
LONG,swing low,86164.0,2026-10-05 07:30 UTC,2026-10-05 07:30 UTC,86347.0,86046.3675,0.3481678575978401,86797.94875000001,87248.89750000002,86086.0448539891,86049.51018356725,86132.5,451,451,BTC/USD:USD
LONG,swing low,86164.0,2026-10-05 07:45 UTC,2026-10-05 07:45 UTC,86222.0,86074.83899999999,0.17067685741458946,86442.7415,86663.48300000002,86113.23588319129,86065.93778513228,86161.0,452,452,BTC/USD:USD
LONG,swing low,86164.0,2026-10-05 11:15 UTC,2026-10-05 11:15 UTC,86167.0,85818.096,0.40491603514105745,86690.356,87213.71199999998,86037.50543569702,86049.45634224705,85904.0,466,466,BTC/USD:USD
LONG,swing low,86164.0,2026-10-05 11:45 UTC,2026-10-05 11:45 UTC,86165.5,85893.5205,0.31564779407071425,86573.46925,86981.4385,86063.5034788461,86059.69328696415,85979.5,468,468,BTC/USD:USD
LONG,swing low,86164.0,2026-10-05 13:45 UTC,2026-10-05 13:45 UTC,86383.5,85744.17,0.740106617583221,87342.495,88301.49,86077.20665469355,86056.2432945493,85830.0,476,476,BTC/USD:USD
LONG,equal lows,85270.5,2026-10-05 17:45 UTC,2026-10-05 18:15 UTC,85513.5,85105.3095,0.4773404199336912,86125.78575,86738.07149999999,85383.82934793581,85501.27407112891,85190.5,492,494,BTC/USD:USD
LONG,equal lows,2696.4,2026-10-04 12:15 UTC,2026-10-04 12:15 UTC,2701.0,2692.8045,0.3034246575342396,2713.2932499999997,2725.5864999999994,2700.095837883382,2699.313259756958,2695.5,374,374,ETH/USD:USD
LONG,equal lows,2696.4,2026-10-04 15:00 UTC,2026-10-04 15:00 UTC,2698.35,2692.2051,0.227728056034235,2707.5673499999994,2716.7846999999992,2696.7266036565534,2697.3613788006614,2694.9,385,385,ETH/USD:USD
LONG,equal lows,2696.4,2026-10-04 15:15 UTC,2026-10-04 15:15 UTC,2697.9,2693.55375,0.16109752029356367,2704.4193750000004,2710.9387500000003,2696.961282925243,2697.4126760577415,2696.25,386,386,ETH/USD:USD
LONG,equal lows,2696.4,2026-10-04 15:30 UTC,2026-10-04 15:45 UTC,2697.55,2693.55375,0.14814368593724475,2703.5443750000004,2709.5387500000006,2697.141221072156,2697.4203538703964,2696.25,387,388,ETH/USD:USD
LONG,equal lows,2696.4,2026-10-04 16:00 UTC,2026-10-04 16:00 UTC,2699.15,2692.305,0.2535983550377065,2709.4175000000005,2719.685000000001,2697.542976857725,2697.5850820732157,2695.0,389,389,ETH/USD:USD
LONG,equal lows,2696.4,2026-10-04 16:15 UTC,2026-10-04 16:30 UTC,2702.7,2692.65465,0.37167832167831694,2717.7680249999994,2732.8360499999994,2698.5515051889442,2698.0562689987096,2695.35,390,391,ETH/USD:USD
LONG,swing low,2716.75,2026-10-05 06:45 UTC,2026-10-05 06:45 UTC,2724.75,2706.8903999999998,0.6554582989265154,2751.5394000000006,2778.3288000000007,2711.7878852262634,2713.2483192891737,2709.6,448,448,ETH/USD:USD
LONG,swing low,2716.75,2026-10-05 11:15 UTC,2026-10-05 11:15 UTC,2719.6,2708.43885,0.4103967495219851,2736.3417249999998,2753.0834499999996,2716.6041732621275,2717.3203439348968,2711.15,466,466,ETH/USD:USD
LONG,swing low,2716.75,2026-10-05 13:00 UTC,2026-10-05 13:00 UTC,2718.65,2707.29,0.41785444981884856,2735.6900000000005,2752.7300000000005,2714.718149436502,2715.7738479021637,2710.0,473,473,ETH/USD:USD
LONG,swing low,2716.75,2026-10-05 13:45 UTC,2026-10-05 13:45 UTC,2721.5,2707.5897,0.5111262171596549,2742.3654500000002,2763.2309,2716.578092511489,2716.460741038866,2710.3,476,476,ETH/USD:USD
LONG,swing low,2716.75,2026-10-05 14:00 UTC,2026-10-05 14:00 UTC,2727.45,2713.13415,0.524880382775118,2748.9237749999998,2770.3975499999997,2718.7524740091912,2717.507337130403,2715.85,477,477,ETH/USD:USD
LONG,equal lows,2698.3,2026-10-05 17:45 UTC,2026-10-05 17:45 UTC,2704.0,2695.4019,0.31797707100592304,2716.8971500000002,2729.7943000000005,2698.9302366251504,2702.437573775418,2698.1,492,492,ETH/USD:USD
LONG,equal lows,2707.5,2026-10-05 18:45 UTC,2026-10-05 18:45 UTC,2709.25,2703.24405,0.2216831226354235,2718.258925,2727.2678500000006,2704.037104921662,2704.0829574713534,2705.95,496,496,ETH/USD:USD
LONG,equal lows,2707.5,2026-10-05 19:00 UTC,2026-10-05 19:00 UTC,2708.5,2703.8434500000003,0.17192357393390056,2715.4848249999995,2722.469649999999,2704.9296839373296,2704.503628188367,2706.55,497,497,ETH/USD:USD
LONG,equal lows,2707.5,2026-10-05 19:15 UTC,2026-10-05 19:15 UTC,2708.8,2704.3929,0.16269565859422455,2715.4106500000007,2722.0213000000012,2705.703747149864,2704.912806456142,2707.1,498,498,ETH/USD:USD
